Workbook

Sheet Summary
B3: Scenario | D3: kwh/kwp | E3: 1st Year Production | F3: Cost | G3: Cost/W | H3: Cost/1st year prodcution | I3: Opsun to KB
B4: =Analysis!H2 -> Mikes results | C4: KB | D4: =Analysis!C22 -> 1014 | E4: =Analysis!C23 -> 1932937.5 | F4: =Analysis!D20 -> 2096875 | G4: =Analysis!C20 -> 1.1 | H4: =Analysis!C25 -> 1.0848126 | I4: =(H5-H4)/H4 -> -0.10369212
C5: Opsun 20 | D5: =Analysis!I22 -> 1337 | E5: =Analysis!I23 -> 2007171.2 | F5: =Analysis!J20 -> 1951625 | G5: =Analysis!I20 -> 1.3 | H5: =Analysis!I25 -> 0.9723261
B6: =Analysis!H27 -> KB with better production | C6: KB | D6: =Analysis!C46 -> 1143 | E6: =Analysis!C47 -> 2178843.8 | F6: =Analysis!D44 -> 2096875 | G6: =Analysis!C44 -> 1.1 | H6: =Analysis!C49 -> 0.9623797 | I6: =(H7-H6)/H6 -> 0.010335215
C7: Opsun 20 | D7: =Analysis!I46 -> 1337 | E7: =Analysis!I47 -> 2007171.2 | F7: =Analysis!J44 -> 1951625 | G7: =Analysis!I44 -> 1.3 | H7: =Analysis!I49 -> 0.9723261
B8: =Analysis!H51 -> Declining inverter ratio | C8: KB | D8: =Analysis!C70 -> 1014 | E8: =Analysis!C71 -> 1932937.5 | F8: =Analysis!D68 -> 2105062.5 | G8: =Analysis!C68 -> 1.1042951 | H8: =Analysis!C73 -> 1.0890484 | I8: =(H9-H8)/H8 -> -0.079346548
C9: Opsun 20 | D9: =Analysis!I70 -> 1337 | E9: =Analysis!I71 -> 2007171.2 | F9: =Analysis!J68 -> 2012462.5 | G9: =Analysis!I68 -> 1.3405246 | H9: =Analysis!I73 -> 1.0026362
B10: =Analysis!H75 -> Cheaper modules | C10: KB | D10: =Analysis!C94 -> 1014 | E10: =Analysis!C95 -> 1932937.5 | F10: =Analysis!D92 -> 1849062.5 | G10: =Analysis!C92 -> 0.97 | H10: =Analysis!C97 -> 0.9566075 | I10: =(H11-H10)/H10 -> -0.085211545
C11: Opsun 20 | D11: =Analysis!I94 -> 1337 | E11: =Analysis!I95 -> 2007171.2 | F11: =Analysis!J92 -> 1756462.5 | G11: =Analysis!I92 -> 1.17 | H11: =Analysis!I97 -> 0.87509349
B12: =Analysis!H99 -> Declining inverter ratio and cheaper panels | C12: KB | D12: =Analysis!C118 -> 1014 | E12: =Analysis!C119 -> 1932937.5 | F12: =Analysis!D116 -> 1857250 | G12: =Analysis!C116 -> 0.97429508 | H12: =Analysis!C121 -> 0.96084328 | I12: =(H13-H12)/H12 -> -0.057699018
C13: Opsun 20 | D13: =Analysis!I118 -> 1337 | E13: =Analysis!I119 -> 2007171.2 | F13: =Analysis!J116 -> 1817300 | G13: =Analysis!I116 -> 1.2105246 | H13: =Analysis!I121 -> 0.90540356
B14: =Analysis!H124 -> Declining inverter ratio and cheaper panels and better production | C14: KB | D14: =Analysis!C143 -> 1143 | E14: =Analysis!C144 -> 2178843.8 | F14: =Analysis!D141 -> 1857250 | G14: =Analysis!C141 -> 0.97429508 | H14: =Analysis!C146 -> 0.85240165 | I14: =(H15-H14)/H14 -> 0.062179509
C15: Opsun 20 | D15: =Analysis!I143 -> 1337 | E15: =Analysis!I144 -> 2007171.2 | F15: =Analysis!J141 -> 1817300 | G15: =Analysis!I141 -> 1.2105246 | H15: =Analysis!I146 -> 0.90540356

Sheet Analysis
H2: Mikes results
B3: Panel Wattage | H3: 625
B4: Rack Supplier | D4: KB | F4: OPSUN | H4: OPSUN | J4: OPSUN | L4: OPSUN
B5: Angle | C5: 10 | E5: 10 | G5: 15 | I5: 20 | K5: 25
B6: Number of Modules | C6: 3050 | E6: 3060 | G6: 2655 | I6: 2402 | K6: 2288
B7: DC capacity (W) | C7: =C6*$H$3 -> 1906250 | E7: =E6*$H$3 -> 1912500 | G7: =G6*$H$3 -> 1659375 | I7: =I6*$H$3 -> 1501250 | K7: =K6*$H$3 -> 1430000
B8: AC/DC ratio | C8: 1.6 | E8: 1.6 | G8: 1.6 | I8: 1.6 | K8: 1.6
B9: AC | C9: =C7/C8 -> 1191406.2 | E9: =E7/E8 -> 1195312.5 | G9: =G7/G8 -> 1037109.4 | I9: =I7/I8 -> 938281.25 | K9: =K7/K8 -> 893750
B10: number of inverters | C10: =C9/155000 -> 7.6864919 | E10: =E9/155000 -> 7.7116935 | G10: =G9/155000 -> 6.6910282 | I10: =I9/155000 -> 6.0534274 | K10: =K9/155000 -> 5.766129
B12: Costs
B13: Modules | C13: 0.3 | D13: =C13*C$7 -> 571875 | E13: 0.3 | F13: =E13*E$7 -> 573750 | G13: 0.3 | H13: =G13*G$7 -> 497812.5 | I13: 0.3 | J13: =I13*I$7 -> 450375 | K13: 0.3 | L13: =K13*K$7 -> 429000
B14: Inverters | C14: 0.13 | D14: =C14*C$7 -> 247812.5 | E14: 0.13 | F14: =E14*E$7 -> 248625 | G14: 0.13 | H14: =G14*G$7 -> 215718.75 | I14: 0.13 | J14: =I14*I$7 -> 195162.5 | K14: 0.13 | L14: =K14*K$7 -> 185900
B15: Racking | C15: 0.19 | D15: =C15*C$7 -> 362187.5 | E15: 0.34 | F15: =E15*E$7 -> 650250 | G15: 0.37 | H15: =G15*G$7 -> 613968.75 | I15: 0.39 | J15: =I15*I$7 -> 585487.5 | K15: 0.47 | L15: =K15*K$7 -> 672100
B16: Ballast | C16: 0.03 | D16: =C16*C$7 -> 57187.5 | E16: 0.02 | F16: =E16*E$7 -> 38250 | G16: 0.02 | H16: =G16*G$7 -> 33187.5 | I16: 0.03 | J16: =I16*I$7 -> 45037.5 | K16: 0.03 | L16: =K16*K$7 -> 42900
B17: Other materials | C17: 0.05 | D17: =C17*C$7 -> 95312.5 | E17: 0.05 | F17: =E17*E$7 -> 95625 | G17: 0.05 | H17: =G17*G$7 -> 82968.75 | I17: 0.05 | J17: =I17*I$7 -> 75062.5 | K17: 0.05 | L17: =K17*K$7 -> 71500
B18: Instalation | C18: 0.4 | D18: =C18*C$7 -> 762500 | E18: 0.4 | F18: =E18*E$7 -> 765000 | G18: 0.4 | H18: =G18*G$7 -> 663750 | I18: 0.4 | J18: =I18*I$7 -> 600500 | K18: 0.4 | L18: =K18*K$7 -> 572000
B20: Cost/W | C20: =SUM(C13:C19) -> 1.1 | D20: =SUM(D13:D19) -> 2096875 | E20: =SUM(E13:E19) -> 1.24 | F20: =SUM(F13:F19) -> 2371500 | G20: =SUM(G13:G19) -> 1.27 | H20: =SUM(H13:H19) -> 2107406.2 | I20: =SUM(I13:I19) -> 1.3 | J20: =SUM(J13:J19) -> 1951625 | ... L20: =SUM(L13:L19) -> 1973400
B22: kWh/kWp | C22: 1014 | E22: 1143 | G22: 1252 | I22: 1337 | K22: 1352
B23: Annual Production | C23: =C7*C22/1000 -> 1932937.5 | E23: =E7*E22/1000 -> 2185987.5 | G23: =G7*G22/1000 -> 2077537.5 | I23: =I7*I22/1000 -> 2007171.2 | K23: =K7*K22/1000 -> 1933360
B25: cost/kwh of first year production | C25: =D20/C23 -> 1.0848126 | E25: =F20/E23 -> 1.0848644 | G25: =H20/G23 -> 1.014377 | I25: =J20/I23 -> 0.9723261 | K25: =L20/K23 -> 1.0207101
B27: Scenario 1 | H27: KB with better production
B29: Angle | C29: 10 | E29: 10 | G29: 15 | I29: 20 | K29: 25
B30: Number of Modules | C30: 3050 | E30: 3060 | G30: 2655 | I30: 2402 | K30: 2288
B31: DC capacity (W) | C31: =C30*$H$3 -> 1906250 | E31: =E30*$H$3 -> 1912500 | G31: =G30*$H$3 -> 1659375 | I31: =I30*$H$3 -> 1501250 | K31: =K30*$H$3 -> 1430000
B32: AC/DC ratio | C32: 1.6 | E32: 1.6 | G32: 1.6 | I32: 1.6 | K32: 1.6
B33: AC | C33: =C31/C32 -> 1191406.2 | E33: =E31/E32 -> 1195312.5 | G33: =G31/G32 -> 1037109.4 | I33: =I31/I32 -> 938281.25 | K33: =K31/K32 -> 893750
B34: number of inverters | C34: =C33/155000 -> 7.6864919 | E34: =E33/155000 -> 7.7116935 | G34: =G33/155000 -> 6.6910282 | I34: =I33/155000 -> 6.0534274 | K34: =K33/155000 -> 5.766129
B36: Costs
B37: Modules | C37: 0.3 | D37: =C37*C$7 -> 571875 | E37: 0.3 | F37: =E37*E$7 -> 573750 | G37: 0.3 | H37: =G37*G$7 -> 497812.5 | I37: 0.3 | J37: =I37*I$7 -> 450375 | K37: 0.3 | L37: =K37*K$7 -> 429000
B38: Inverters | C38: 0.13 | D38: =C38*C$7 -> 247812.5 | E38: 0.13 | F38: =E38*E$7 -> 248625 | G38: 0.13 | H38: =G38*G$7 -> 215718.75 | I38: 0.13 | J38: =I38*I$7 -> 195162.5 | K38: 0.13 | L38: =K38*K$7 -> 185900
B39: Racking | C39: 0.19 | D39: =C39*C$7 -> 362187.5 | E39: 0.34 | F39: =E39*E$7 -> 650250 | G39: 0.37 | H39: =G39*G$7 -> 613968.75 | I39: 0.39 | J39: =I39*I$7 -> 585487.5 | K39: 0.47 | L39: =K39*K$7 -> 672100
B40: Ballast | C40: 0.03 | D40: =C40*C$7 -> 57187.5 | E40: 0.02 | F40: =E40*E$7 -> 38250 | G40: 0.02 | H40: =G40*G$7 -> 33187.5 | I40: 0.03 | J40: =I40*I$7 -> 45037.5 | K40: 0.03 | L40: =K40*K$7 -> 42900
B41: Other materials | C41: 0.05 | D41: =C41*C$7 -> 95312.5 | E41: 0.05 | F41: =E41*E$7 -> 95625 | G41: 0.05 | H41: =G41*G$7 -> 82968.75 | I41: 0.05 | J41: =I41*I$7 -> 75062.5 | K41: 0.05 | L41: =K41*K$7 -> 71500
B42: Instalation | C42: 0.4 | D42: =C42*C$7 -> 762500 | E42: 0.4 | F42: =E42*E$7 -> 765000 | G42: 0.4 | H42: =G42*G$7 -> 663750 | I42: 0.4 | J42: =I42*I$7 -> 600500 | K42: 0.4 | L42: =K42*K$7 -> 572000
B44: Cost/W | C44: =SUM(C37:C43) -> 1.1 | D44: =SUM(D37:D43) -> 2096875 | E44: =SUM(E37:E43) -> 1.24 | F44: =SUM(F37:F43) -> 2371500 | G44: =SUM(G37:G43) -> 1.27 | H44: =SUM(H37:H43) -> 2107406.2 | I44: =SUM(I37:I43) -> 1.3 | J44: =SUM(J37:J43) -> 1951625 | ... L44: =SUM(L37:L43) -> 1973400
B46: kWh/kWp | C46: 1143 | E46: 1143 | G46: 1252 | I46: 1337 | K46: 1352
B47: Annual Production | C47: =C31*C46/1000 -> 2178843.8 | E47: =E31*E46/1000 -> 2185987.5 | G47: =G31*G46/1000 -> 2077537.5 | I47: =I31*I46/1000 -> 2007171.2 | K47: =K31*K46/1000 -> 1933360
C49: =D44/C47 -> 0.9623797 | E49: =F44/E47 -> 1.0848644 | G49: =H44/G47 -> 1.014377 | I49: =J44/I47 -> 0.9723261 | K49: =L44/K47 -> 1.0207101
B51: Scenario 2 | H51: Declining inverter ratio
B53: Angle | C53: 10 | E53: 10 | G53: 15 | I53: 20 | K53: 25
B54: Number of Modules | C54: 3050 | E54: 3060 | G54: 2655 | I54: 2402 | K54: 2288
B55: DC capacity (W) | C55: =C54*$H$3 -> 1906250 | E55: =E54*$H$3 -> 1912500 | G55: =G54*$H$3 -> 1659375 | I55: =I54*$H$3 -> 1501250 | K55: =K54*$H$3 -> 1430000
B56: AC/DC ratio | C56: 1.6 | E56: 1.6 | G56: 1.4 | I56: 1.3 | K56: 1.2
B57: AC | C57: =C55/C56 -> 1191406.2 | E57: =E55/E56 -> 1195312.5 | G57: =G55/G56 -> 1185267.9 | I57: =I55/I56 -> 1154807.7 | K57: =K55/K56 -> 1191666.7
B58: number of inverters | C58: =ROUNDUP(C57/155000,0) -> 8 | E58: =ROUNDUP(E57/155000,0) -> 8 | G58: =ROUNDUP(G57/155000,0) -> 8 | I58: =ROUNDUP(I57/155000,0) -> 8 | K58: =ROUNDUP(K57/155000,0) -> 8
B60: Costs
B61: Modules | C61: 0.3 | D61: =C61*C$7 -> 571875 | E61: 0.3 | F61: =E61*E$7 -> 573750 | G61: 0.3 | H61: =G61*G$7 -> 497812.5 | I61: 0.3 | J61: =I61*I$7 -> 450375 | K61: 0.3 | L61: =K61*K$7 -> 429000
B62: Inverters | C62: =D62/C55 -> 0.13429508 | D62: =C58*32000 -> 256000 | E62: =F62/E55 -> 0.13385621 | F62: =E58*32000 -> 256000 | G62: =H62/G55 -> 0.15427495 | H62: =G58*32000 -> 256000 | I62: =J62/I55 -> 0.17052456 | J62: =I58*32000 -> 256000 | K62: =L62/K55 -> 0.17902098 | L62: =K58*32000 -> 256000
B63: Racking | C63: 0.19 | D63: =C63*C$7 -> 362187.5 | E63: 0.34 | F63: =E63*E$7 -> 650250 | G63: 0.37 | H63: =G63*G$7 -> 613968.75 | I63: 0.39 | J63: =I63*I$7 -> 585487.5 | K63: 0.47 | L63: =K63*K$7 -> 672100
B64: Ballast | C64: 0.03 | D64: =C64*C$7 -> 57187.5 | E64: 0.02 | F64: =E64*E$7 -> 38250 | G64: 0.02 | H64: =G64*G$7 -> 33187.5 | I64: 0.03 | J64: =I64*I$7 -> 45037.5 | K64: 0.03 | L64: =K64*K$7 -> 42900
B65: Other materials | C65: 0.05 | D65: =C65*C$7 -> 95312.5 | E65: 0.05 | F65: =E65*E$7 -> 95625 | G65: 0.05 | H65: =G65*G$7 -> 82968.75 | I65: 0.05 | J65: =I65*I$7 -> 75062.5 | K65: 0.05 | L65: =K65*K$7 -> 71500
B66: Instalation | C66: 0.4 | D66: =C66*C$7 -> 762500 | E66: 0.4 | F66: =E66*E$7 -> 765000 | G66: 0.4 | H66: =G66*G$7 -> 663750 | I66: 0.4 | J66: =I66*I$7 -> 600500 | K66: 0.4 | L66: =K66*K$7 -> 572000
B68: Cost/W | C68: =SUM(C61:C67) -> 1.1042951 | D68: =SUM(D61:D67) -> 2105062.5 | E68: =SUM(E61:E67) -> 1.2438562 | F68: =SUM(F61:F67) -> 2378875 | G68: =SUM(G61:G67) -> 1.294275 | H68: =SUM(H61:H67) -> 2147687.5 | I68: =SUM(I61:I67) -> 1.3405246 | J68: =SUM(J61:J67) -> 2012462.5 | ... L68: =SUM(L61:L67) -> 2043500
B70: kWh/kWp | C70: 1014 | E70: 1143 | G70: 1252 | I70: 1337 | K70: 1352
B71: Annual Production | C71: =C55*C70/1000 -> 1932937.5 | E71: =E55*E70/1000 -> 2185987.5 | G71: =G55*G70/1000 -> 2077537.5 | I71: =I55*I70/1000 -> 2007171.2 | K71: =K55*K70/1000 -> 1933360
C73: =D68/C71 -> 1.0890484 | E73: =F68/E71 -> 1.0882382 | G73: =H68/G71 -> 1.0337659 | I73: =J68/I71 -> 1.0026362 | K73: =L68/K71 -> 1.0569682
B75: Scenario 3 | H75: Cheaper modules
B77: Angle | C77: 10 | E77: 10 | G77: 15 | I77: 20 | K77: 25
B78: Number of Modules | C78: 3050 | E78: 3060 | G78: 2655 | I78: 2402 | K78: 2288
B79: DC capacity (W) | C79: =C78*$H$3 -> 1906250 | E79: =E78*$H$3 -> 1912500 | G79: =G78*$H$3 -> 1659375 | I79: =I78*$H$3 -> 1501250 | K79: =K78*$H$3 -> 1430000
B80: AC/DC ratio | C80: 1.6 | E80: 1.6 | G80: 1.6 | I80: 1.6 | K80: 1.6
B81: AC | C81: =C79/C80 -> 1191406.2 | E81: =E79/E80 -> 1195312.5 | G81: =G79/G80 -> 1037109.4 | I81: =I79/I80 -> 938281.25 | K81: =K79/K80 -> 893750
B82: number of inverters | C82: =C81/155000 -> 7.6864919 | E82: =E81/155000 -> 7.7116935 | G82: =G81/155000 -> 6.6910282 | I82: =I81/155000 -> 6.0534274 | K82: =K81/155000 -> 5.766129
B84: Costs
B85: Modules | C85: 0.17 | D85: =C85*C$7 -> 324062.5 | E85: 0.17 | F85: =E85*E$7 -> 325125 | G85: 0.17 | H85: =G85*G$7 -> 282093.75 | I85: 0.17 | J85: =I85*I$7 -> 255212.5 | K85: 0.17 | L85: =K85*K$7 -> 243100
B86: Inverters | C86: 0.13 | D86: =C86*C$7 -> 247812.5 | E86: 0.13 | F86: =E86*E$7 -> 248625 | G86: 0.13 | H86: =G86*G$7 -> 215718.75 | I86: 0.13 | J86: =I86*I$7 -> 195162.5 | K86: 0.13 | L86: =K86*K$7 -> 185900
B87: Racking | C87: 0.19 | D87: =C87*C$7 -> 362187.5 | E87: 0.34 | F87: =E87*E$7 -> 650250 | G87: 0.37 | H87: =G87*G$7 -> 613968.75 | I87: 0.39 | J87: =I87*I$7 -> 585487.5 | K87: 0.47 | L87: =K87*K$7 -> 672100
B88: Ballast | C88: 0.03 | D88: =C88*C$7 -> 57187.5 | E88: 0.02 | F88: =E88*E$7 -> 38250 | G88: 0.02 | H88: =G88*G$7 -> 33187.5 | I88: 0.03 | J88: =I88*I$7 -> 45037.5 | K88: 0.03 | L88: =K88*K$7 -> 42900
B89: Other materials | C89: 0.05 | D89: =C89*C$7 -> 95312.5 | E89: 0.05 | F89: =E89*E$7 -> 95625 | G89: 0.05 | H89: =G89*G$7 -> 82968.75 | I89: 0.05 | J89: =I89*I$7 -> 75062.5 | K89: 0.05 | L89: =K89*K$7 -> 71500
B90: Instalation | C90: 0.4 | D90: =C90*C$7 -> 762500 | E90: 0.4 | F90: =E90*E$7 -> 765000 | G90: 0.4 | H90: =G90*G$7 -> 663750 | I90: 0.4 | J90: =I90*I$7 -> 600500 | K90: 0.4 | L90: =K90*K$7 -> 572000
B92: Cost/W | C92: =SUM(C85:C91) -> 0.97 | D92: =SUM(D85:D91) -> 1849062.5 | E92: =SUM(E85:E91) -> 1.11 | F92: =SUM(F85:F91) -> 2122875 | G92: =SUM(G85:G91) -> 1.14 | H92: =SUM(H85:H91) -> 1891687.5 | I92: =SUM(I85:I91) -> 1.17 | J92: =SUM(J85:J91) -> 1756462.5 | ... L92: =SUM(L85:L91) -> 1787500
B94: kWh/kWp | C94: 1014 | E94: 1143 | G94: 1252 | I94: 1337 | K94: 1352
B95: Annual Production | C95: =C79*C94/1000 -> 1932937.5 | E95: =E79*E94/1000 -> 2185987.5 | G95: =G79*G94/1000 -> 2077537.5 | I95: =I79*I94/1000 -> 2007171.2 | K95: =K79*K94/1000 -> 1933360
C97: =D92/C95 -> 0.9566075 | E97: =F92/E95 -> 0.97112861 | G97: =H92/G95 -> 0.91054313 | I97: =J92/I95 -> 0.87509349 | K97: =L92/K95 -> 0.92455621
B99: Scenario 4 | H99: Declining inverter ratio and cheaper panels
B101: Angle | C101: 10 | E101: 10 | G101: 15 | I101: 20 | K101: 25
B102: Number of Modules | C102: 3050 | E102: 3060 | G102: 2655 | I102: 2402 | K102: 2288
B103: DC capacity (W) | C103: =C102*$H$3 -> 1906250 | E103: =E102*$H$3 -> 1912500 | G103: =G102*$H$3 -> 1659375 | I103: =I102*$H$3 -> 1501250 | K103: =K102*$H$3 -> 1430000
B104: AC/DC ratio | C104: 1.6 | E104: 1.6 | G104: 1.4 | I104: 1.3 | K104: 1.2
B105: AC | C105: =C103/C104 -> 1191406.2 | E105: =E103/E104 -> 1195312.5 | G105: =G103/G104 -> 1185267.9 | I105: =I103/I104 -> 1154807.7 | K105: =K103/K104 -> 1191666.7
B106: number of inverters | C106: =ROUNDUP(C105/155000,0) -> 8 | E106: =ROUNDUP(E105/155000,0) -> 8 | G106: =ROUNDUP(G105/155000,0) -> 8 | I106: =ROUNDUP(I105/155000,0) -> 8 | K106: =ROUNDUP(K105/155000,0) -> 8
B108: Costs
B109: Modules | C109: 0.17 | D109: =C109*C$7 -> 324062.5 | E109: 0.17 | F109: =E109*E$7 -> 325125 | G109: 0.17 | H109: =G109*G$7 -> 282093.75 | I109: 0.17 | J109: =I109*I$7 -> 255212.5 | K109: 0.17 | L109: =K109*K$7 -> 243100
B110: Inverters | C110: =D110/C103 -> 0.13429508 | D110: =C106*32000 -> 256000 | E110: =F110/E103 -> 0.13385621 | F110: =E106*32000 -> 256000 | G110: =H110/G103 -> 0.15427495 | H110: =G106*32000 -> 256000 | I110: =J110/I103 -> 0.17052456 | J110: =I106*32000 -> 256000 | K110: =L110/K103 -> 0.17902098 | L110: =K106*32000 -> 256000
B111: Racking | C111: 0.19 | D111: =C111*C$7 -> 362187.5 | E111: 0.34 | F111: =E111*E$7 -> 650250 | G111: 0.37 | H111: =G111*G$7 -> 613968.75 | I111: 0.39 | J111: =I111*I$7 -> 585487.5 | K111: 0.47 | L111: =K111*K$7 -> 672100
B112: Ballast | C112: 0.03 | D112: =C112*C$7 -> 57187.5 | E112: 0.02 | F112: =E112*E$7 -> 38250 | G112: 0.02 | H112: =G112*G$7 -> 33187.5 | I112: 0.03 | J112: =I112*I$7 -> 45037.5 | K112: 0.03 | L112: =K112*K$7 -> 42900
B113: Other materials | C113: 0.05 | D113: =C113*C$7 -> 95312.5 | E113: 0.05 | F113: =E113*E$7 -> 95625 | G113: 0.05 | H113: =G113*G$7 -> 82968.75 | I113: 0.05 | J113: =I113*I$7 -> 75062.5 | K113: 0.05 | L113: =K113*K$7 -> 71500
B114: Instalation | C114: 0.4 | D114: =C114*C$7 -> 762500 | E114: 0.4 | F114: =E114*E$7 -> 765000 | G114: 0.4 | H114: =G114*G$7 -> 663750 | I114: 0.4 | J114: =I114*I$7 -> 600500 | K114: 0.4 | L114: =K114*K$7 -> 572000
B116: Cost/W | C116: =SUM(C109:C115) -> 0.97429508 | D116: =SUM(D109:D115) -> 1857250 | E116: =SUM(E109:E115) -> 1.1138562 | F116: =SUM(F109:F115) -> 2130250 | G116: =SUM(G109:G115) -> 1.164275 | H116: =SUM(H109:H115) -> 1931968.8 | I116: =SUM(I109:I115) -> 1.2105246 | J116: =SUM(J109:J115) -> 1817300 | ... L116: =SUM(L109:L115) -> 1857600
B118: kWh/kWp | C118: 1014 | E118: 1143 | G118: 1252 | I118: 1337 | K118: 1352
B119: Annual Production | C119: =C103*C118/1000 -> 1932937.5 | E119: =E103*E118/1000 -> 2185987.5 | G119: =G103*G118/1000 -> 2077537.5 | I119: =I103*I118/1000 -> 2007171.2 | K119: =K103*K118/1000 -> 1933360
C121: =D116/C119 -> 0.96084328 | E121: =F116/E119 -> 0.97450237 | G121: =H116/G119 -> 0.92993207 | I121: =J116/I119 -> 0.90540356 | K121: =L116/K119 -> 0.96081433
B124: Scenario 4 | H124: Declining inverter ratio and cheaper panels and better production
B126: Angle | C126: 10 | E126: 10 | G126: 15 | I126: 20 | K126: 25
B127: Number of Modules | C127: 3050 | E127: 3060 | G127: 2655 | I127: 2402 | K127: 2288
B128: DC capacity (W) | C128: =C127*$H$3 -> 1906250 | E128: =E127*$H$3 -> 1912500 | G128: =G127*$H$3 -> 1659375 | I128: =I127*$H$3 -> 1501250 | K128: =K127*$H$3 -> 1430000
B129: AC/DC ratio | C129: 1.6 | E129: 1.6 | G129: 1.4 | I129: 1.3 | K129: 1.2
B130: AC | C130: =C128/C129 -> 1191406.2 | E130: =E128/E129 -> 1195312.5 | G130: =G128/G129 -> 1185267.9 | I130: =I128/I129 -> 1154807.7 | K130: =K128/K129 -> 1191666.7
B131: number of inverters | C131: =ROUNDUP(C130/155000,0) -> 8 | E131: =ROUNDUP(E130/155000,0) -> 8 | G131: =ROUNDUP(G130/155000,0) -> 8 | I131: =ROUNDUP(I130/155000,0) -> 8 | K131: =ROUNDUP(K130/155000,0) -> 8
B133: Costs
...
